gbifID,species,year,decimalLongitude,decimalLatitude,uncertainty_m,depth,cell_id,cell_edge_m,s2_b04,s2_b03,s2_b02,n_pixels,share_in_box
5938604545,,,2.43167,41.716386,436.0,12,11179153,1591.6,0.1033968988870937,0.086048051750064,0.05770405325406087,24894.0,0.983
6129822352,,,2.431036,41.713398,34.0,16,2861863276,99.5,0.038034653752157005,0.039003960419409345,0.01822376244765992,101.0,1.0
6129961252,,,2.431178,41.713896,81.0,15,715465819,198.9,0.06710528988175338,0.059754156125169856,0.0355569269163276,397.0,1.0
6130121538,,,2.430197,41.712362,31.0,16,2861863273,99.5,0.11060000036723248,0.0954039607031068,0.06341287138005074,101.0,1.0
6130321963,,,2.431199,41.714059,88.0,15,715465819,198.9,0.06710528988175338,0.059754156125169856,0.0355569269163276,397.0,1.0
6130325052,,,2.431784,41.711118,23.0,17,11447453061,49.7,0.022558333391013246,0.03137916668007771,0.012212500092573464,24.0,0.972
6130588222,,,2.431288,41.714198,19.0,17,11447453108,49.7,0.023368000090122222,0.031023999825119972,0.011684000138193368,25.0,1.0
6130629218,,,2.43118,41.714068,14.0,17,11447453108,49.7,0.023368000090122222,0.031023999825119972,0.011684000138193368,25.0,1.0
6131143462,,,2.430383,41.712518,68.0,15,715465816,198.9,0.10851530627613622,0.08864821429478423,0.06199413258701145,392.0,0.991
6131222828,,,2.434901,41.776722,35.0,16,2861877403,99.5,0.1177708338170002,0.10452708326435338,0.07108854176476598,96.0,0.97
6131252539,,,2.431306,41.715413,118.0,14,178866455,397.9,0.04099603528945189,0.04614398998569971,0.022836941503387588,1589.0,1.0
6159189557,,,2.466345,41.769245,25.0,16,2861876032,99.5,0.019907142962234056,0.02898571430230323,0.011351020374734486,98.0,0.99
6163121650,,,2.431993,41.710519,19.0,17,11447452974,49.7,0.15316922962665558,0.11811923178342673,0.08825384725171787,26.0,1.0
6184795664,,,2.4308,41.713029,7.0,18,45789812416,24.9,0.03477142831044538,0.03468571417033672,0.015028571709990501,7.0,1.0
6185047598,,,2.430613,41.712754,14.0,17,11447453071,49.7,0.06916000071913003,0.06315600007772446,0.03466000044718385,25.0,1.0
6185189131,,,2.430848,41.713054,59.0,15,715465817,198.9,0.02474974619985799,0.03430786809463262,0.013397715776581979,394.0,0.996
6185413881,,,2.430972,41.713282,6.0,18,45789812417,24.9,0.038150000075499214,0.03616666731735071,0.01788333337754011,6.0,0.968
6185879305,,,2.430688,41.71278,13.0,17,11447453071,49.7,0.06916000071913003,0.06315600007772446,0.03466000044718385,25.0,1.0
6195402503,,,2.432087,41.710752,7.0,18,45789811900,24.9,0.11068571598402091,0.09899999893137387,0.0741857151900019,7.0,1.0
6195661195,,,2.436608,41.703866,18.0,17,11447365418,49.7,0.13596399992704392,0.08940000027418137,0.06384400010108948,25.0,1.0
6147631771,,,2.433364,41.717233,8.0,18,45789812686,24.9,0.03401666693389416,0.040499999498327575,0.019850000583877165,6.0,0.968
6171342745,,,2.44628,41.789463,5.0,18,45790042601,24.9,0.039450000350673996,0.05173333299656709,0.022650000173598528,6.0,0.968
6235754170,,,2.463778,41.773745,4.0,18,45790017050,24.9,0.022533333239456017,0.032216666576762996,0.013899999981125196,6.0,0.968
6171196086,,,2.463333,41.774151,74.0,15,715469016,198.9,0.03195728638195362,0.041218090545030395,0.01960954773029191,398.0,1.0
6178760303,,,2.421462,41.804045,18.0,17,11447534061,49.7,0.03487200014293194,0.03937600024044514,0.01959600005298853,25.0,1.0
6184876010,,,2.459988,41.774872,10.0,18,45790017874,24.9,0.019700000373025734,0.035200000119706,0.011116666874537865,6.0,0.968
6184935415,,,2.413908,41.717593,35.0,16,2861863714,99.5,0.03147128722307706,0.04765643561166702,0.018108910950140493,101.0,1.0
6185033449,,,2.432381,41.706442,8.0,18,45789811032,24.9,0.1334666647017002,0.11144999973475933,0.08641666608552138,6.0,0.968
6185105688,,,2.420241,41.71629,3.0,18,45789813678,24.9,0.0849833320826292,0.07473333366215229,0.046733333418766655,6.0,0.968
6185110073,,,2.466647,41.828295,4.0,18,45790066538,24.9,0.038957142138055394,0.03684285735445363,0.019357142836919854,7.0,1.0
6185550540,,,2.433997,41.704628,300.0,13,44716270,795.8,0.139054372157481,0.10360651821140882,0.07640699528243589,1258.0,0.199
6185599521,,,2.419905,41.71545,4.0,18,45789813494,24.9,0.0206666667945683,0.03545000093678633,0.011833333487932881,6.0,0.968
6185809917,,,2.471433,41.82868,9.0,18,45790109853,24.9,0.03903333315004905,0.04783333279192448,0.020016666656980913,6.0,0.968
6185908956,,,2.419762,41.715424,4.0,18,45789813500,24.9,0.026299999716381233,0.04649999986092249,0.015300000241647163,6.0,0.968
6186027546,,,2.431588,41.715072,9.0,18,45789812616,24.9,0.033733333150545754,0.033466666315992676,0.01716666653131445,6.0,0.968
6186156639,,,2.429055,41.706909,500.0,12,11179153,1591.6,0.1033968988870937,0.086048051750064,0.05770405325406087,24894.0,0.983
6235163220,,,2.412948,41.756798,3.0,18,45789859504,24.9,0.04626000039279461,0.043180001527071,0.0258200004696846,5.0,0.806
6235927731,,,2.466503,41.828297,4.0,18,45790066495,24.9,0.08421666796008746,0.06728333234786987,0.042233332681159176,6.0,0.968
6412027848,,,2.312742,41.817218,71.0,15,715490479,198.9,0.02971227633316651,0.038114066447710135,0.019195907977897952,391.0,0.988
6412762489,,,2.42933,41.717365,88.0,15,715465841,198.9,0.13510201520917547,0.1092095716905684,0.07936020145751067,397.0,1.0
6413047334,,,2.432759,41.769327,3.0,18,45789863260,24.9,0.05504285757030759,0.045842857233115604,0.02382857139621462,7.0,1.0
6187948729,,,2.461445,41.774895,9.0,18,45790017186,24.9,0.02146666714300712,0.03441666656484207,0.01344999996945262,6.0,0.968
6234345750,,,2.394594,41.817343,27723.0,6,2729,101859.4,0.03827245592170997,0.0446433830562681,,2250000.0,0.022
6234770970,,,2.347502,41.800823,17.0,17,11447496295,49.7,0.07888000071048737,0.0784080008417368,0.05324800007045269,25.0,1.0
6235190364,,,2.372946,41.706967,27754.0,6,2729,101859.4,0.03827245592170997,0.0446433830562681,,2250000.0,0.022
6235193424,,,2.395381,41.768492,27754.0,6,2729,101859.4,0.03827245592170997,0.0446433830562681,,2250000.0,0.022
6235227071,,,2.312371,41.831632,27723.0,6,2729,101859.4,0.03827245592170997,0.0446433830562681,,2250000.0,0.022
6235327351,,,2.384401,41.805395,27723.0,6,2729,101859.4,0.03827245592170997,0.0446433830562681,,2250000.0,0.022
6235356346,,,2.431004,41.713439,6.0,18,45789812420,24.9,0.03077142871916294,0.034071427903005054,0.014257142852459635,7.0,1.0
6235530416,,,2.430398,41.712407,32.0,16,2861863267,99.5,0.11897171752508541,0.0943080811112216,0.06442626255724315,99.0,1.0
6235761215,,,2.378223,41.775161,4.0,18,45789951572,24.9,0.023514285949724063,0.03297142844114985,0.012957143065120493,7.0,1.0
6236056422,,,2.33755,41.834166,27723.0,6,2729,101859.4,0.03827245592170997,0.0446433830562681,,2250000.0,0.022
6236381579,,,2.466238,41.775727,3.0,18,45790017282,24.9,0.022499999776482583,0.029860000312328338,0.012580000050365924,5.0,0.806
6236407936,,,2.403211,41.780966,185.0,14,178867026,397.9,0.028829601595082816,0.035354712238131185,0.016569133480812865,1581.0,0.999
6236444960,,,2.347502,41.800823,15.0,17,11447496295,49.7,0.07888000071048737,0.0784080008417368,0.05324800007045269,25.0,1.0
6236498834,,,2.31869,41.806455,27723.0,6,2729,101859.4,0.03827245592170997,0.0446433830562681,,2250000.0,0.022
6251612861,,,2.43917,41.728845,8.0,18,45789826241,24.9,0.09119999994124685,0.07141428653682981,0.047257142673645704,7.0,1.0
6251613473,,,2.388565,41.778212,6.0,18,45789957016,24.9,0.08623999953269959,0.07904000133275986,0.05625999942421913,5.0,0.806
6251850159,,,2.388472,41.778297,6.0,18,45789957016,24.9,0.08623999953269959,0.07904000133275986,0.05625999942421913,5.0,0.806
6252151839,,,2.38856,41.778227,14.0,17,11447489254,49.7,0.05994999983037511,0.05926666664890945,0.03741666678494463,24.0,0.972
6252278252,,,2.38854,41.77838,6.0,18,45789957016,24.9,0.08623999953269959,0.07904000133275986,0.05625999942421913,5.0,0.806
6252723783,,,2.3885,41.778315,6.0,18,45789957016,24.9,0.08623999953269959,0.07904000133275986,0.05625999942421913,5.0,0.806
6252786587,,,2.388548,41.778386,14.0,17,11447489254,49.7,0.05994999983037511,0.05926666664890945,0.03741666678494463,24.0,0.972
6252796591,,,2.38854,41.77838,6.0,18,45789957016,24.9,0.08623999953269959,0.07904000133275986,0.05625999942421913,5.0,0.806
6253131112,,,2.388519,41.778278,14.0,17,11447489254,49.7,0.05994999983037511,0.05926666664890945,0.03741666678494463,24.0,0.972
6253183528,,,2.388385,41.778115,14.0,17,11447489251,49.7,0.03625384625047445,0.04325384646654129,0.022792307659983635,26.0,1.0
6253320762,,,2.388493,41.778283,5.0,18,45789957016,24.9,0.08623999953269959,0.07904000133275986,0.05625999942421913,5.0,0.806
6251568975,,,2.431269,41.714191,20.0,17,11447453108,49.7,0.023368000090122222,0.031023999825119972,0.011684000138193368,25.0,1.0
6251794324,,,2.431361,41.714646,20.0,17,11447453111,49.7,0.02688799984753132,0.035672000423073766,0.013220000043511392,25.0,1.0
6273263094,,,2.429614,41.716039,85.0,15,715465841,198.9,0.13510201520917547,0.1092095716905684,0.07936020145751067,397.0,1.0
6273465709,,,2.432618,41.708277,5.0,18,45789811753,24.9,0.17126666754484177,0.14486666520436606,0.12350000192721684,6.0,0.968
6273495376,,,2.433484,41.708315,18.0,17,11447452940,49.7,0.129179999679327,0.13661599904298782,0.10470000050961971,25.0,1.0
6273506335,,,2.428492,41.718359,14.0,17,11447453501,49.7,0.11903333369021614,0.09572083285699289,0.06592083272213738,24.0,0.972
6273517779,,,2.430837,41.713077,44.0,16,2861863276,99.5,0.038034653752157005,0.039003960419409345,0.01822376244765992,101.0,1.0
6273526516,,,2.428805,41.717691,19.0,17,11447453493,49.7,0.07267916699250539,0.06078750050316254,0.03638333334432294,24.0,0.972
6273543383,,,2.43135,41.714663,14.0,17,11447453111,49.7,0.02688799984753132,0.035672000423073766,0.013220000043511392,25.0,1.0
6273570704,,,2.376397,41.825897,187.0,14,178867190,397.9,0.04613527925306846,0.05612544421056938,0.02115057109885992,1576.0,0.995
6273592310,,,2.390397,41.764617,5.0,18,45789943581,24.9,0.0671166672060887,0.05919999939699968,0.03773333318531513,6.0,0.968
6273628092,,,2.47728,41.767715,5656.0,9,174675,12732.4,0.03333758310464037,0.04218209591255354,,628999.0,0.388
6273658765,,,2.43075,41.712923,36.0,16,2861863270,99.5,0.02695625003252644,0.03233749998616986,0.01294791672504895,96.0,0.97
6273674040,,,2.428811,41.717578,37.0,16,2861863373,99.5,0.100202020370599,0.08094141414069166,0.05168282841755585,99.0,1.0
6273762843,,,2.390504,41.76467,34.0,16,2861871473,99.5,0.05414040416780144,0.050583838306442655,0.031211111111321833,99.0,1.0
6273784123,,,2.433456,41.708308,30.0,16,2861863235,99.5,0.10124591867230376,0.10843061199601815,0.08257244909372256,98.0,0.99
6273786591,,,2.318342,41.755335,4.0,18,45789929713,24.9,0.084428571164608,0.06558571383357048,0.04570000086511884,7.0,1.0
6273970975,,,2.376397,41.825897,187.0,14,178867190,397.9,0.04613527925306846,0.05612544421056938,0.02115057109885992,1576.0,0.995
6273980565,,,2.430642,41.717256,71.0,15,715465844,198.9,0.06902708869097353,0.06276025309026996,0.03798860769742463,395.0,0.998
6274020624,,,2.317082,41.800378,27723.0,6,2729,101859.4,0.03827245592170997,0.0446433830562681,,2250000.0,0.022
6274068708,,,2.434659,41.707208,19.0,17,11447365548,49.7,0.15406400084495545,0.11667199939489364,0.08443999916315079,25.0,1.0
6274110846,,,2.431586,41.715082,4.0,18,45789812618,24.9,0.03287142834493092,0.04188571497797966,0.018457142769226005,7.0,1.0
6274142337,,,2.429644,41.716779,96.0,15,715465841,198.9,0.13510201520917547,0.1092095716905684,0.07936020145751067,397.0,1.0
6274212379,,,2.390496,41.764631,7.0,18,45789943575,24.9,0.06088333359609047,0.05979999899864197,0.03935000067576766,6.0,0.968
6320118396,,,2.444843,41.784876,383.0,13,44716838,795.8,0.06195160432188634,0.059918871588374764,0.03310692274405178,6327.0,0.999
6320123512,,,2.444843,41.784876,383.0,13,44716838,795.8,0.06195160432188634,0.059918871588374764,0.03310692274405178,6327.0,0.999
6320187430,,,2.422561,41.744807,4.0,18,45789856771,24.9,0.0666666670391957,0.06883333375056584,0.04463333263993263,6.0,0.968
6320306434,,,2.444181,41.714586,21.0,17,11447368393,49.7,0.11919999924989846,0.08960384474350856,0.06396538470513545,26.0,1.0
6320349384,,,2.444843,41.784876,383.0,13,44716838,795.8,0.06195160432188634,0.059918871588374764,0.03310692274405178,6327.0,0.999
6320350774,,,2.435884,41.726593,14.0,17,11447456377,49.7,0.08429166721180081,0.07261666640018423,0.04540000017732382,24.0,0.972
6320575475,,,2.443678,41.715483,61.0,15,715460526,198.9,0.10597295922759388,0.08248750004461225,0.055237755074869006,392.0,0.991
6320695687,,,2.443618,41.715457,8.0,18,45789473680,24.9,0.039383333176374435,0.048699999849001564,0.02358333331843217,6.0,0.968
6320780032,,,2.443632,41.715426,9.0,18,45789473680,24.9,0.039383333176374435,0.048699999849001564,0.02358333331843217,6.0,0.968
6320791840,,,2.44907,41.790691,376.0,13,44716839,795.8,0.036853560787482524,0.044877056752418466,0.018949676340280767,6333.0,1.0
6320902489,,,2.445315,41.793099,459.0,12,11179209,1591.6,0.03981036042612299,0.045605879639928584,0.021161976484843012,25308.0,0.999
6320906725,,,2.435865,41.726588,36.0,16,2861864094,99.5,0.07240909099052048,0.06444444447153747,0.03709696978800977,99.0,1.0
6321113034,,,2.422474,41.744857,20.0,17,11447464192,49.7,0.043848000206053256,0.05170800007879734,0.02969199987128377,25.0,1.0
6321206014,,,2.443618,41.715457,8.0,18,45789473680,24.9,0.039383333176374435,0.048699999849001564,0.02358333331843217,6.0,0.968
6334151884,,,2.344078,41.795183,1.0,18,45789982078,24.9,0.03911999985575676,0.04433999955654144,0.02264000028371811,5.0,0.806
6334206661,,,2.340619,41.790089,1337.0,11,2794798,3183.1,0.04062830387068706,0.04592630130644161,0.02357685574763417,101269.0,0.999
6334373470,,,2.434573,41.796406,9.0,18,45790050377,24.9,0.07530000007578305,0.07028571463056973,0.04135714364903314,7.0,1.0
6334473428,,,2.346063,41.797723,1.0,18,45789984878,24.9,0.05245714368564742,0.053385713802916665,0.0315285710883992,7.0,1.0
6334511003,,,2.346278,41.79877,1.0,18,45789984988,24.9,0.04123999923467636,0.04491999968886375,0.023900000005960466,5.0,0.806
6334545624,,,2.445315,41.793099,459.0,12,11179209,1591.6,0.03981036042612299,0.045605879639928584,0.021161976484843012,25308.0,0.999
6334579808,,,2.44907,41.790691,376.0,13,44716839,795.8,0.036853560787482524,0.044877056752418466,0.018949676340280767,6333.0,1.0
6334709892,,,2.393099,41.780911,9.0,18,45789957706,24.9,0.08348571402685982,0.07937142944761685,0.06330000130193573,7.0,1.0
6352735133,,,2.462158,41.773577,4.0,18,45790016383,24.9,0.021616666888197262,0.03253333425770203,0.015016667234400908,6.0,0.968
6352869929,,,2.347269,41.800613,9.0,18,45789985179,24.9,0.07729999933923994,0.07327142943228994,0.049099999612995555,7.0,1.0
6353233105,,,2.402989,41.7455,21.0,17,11447461817,49.7,0.04478399984538555,0.051840000003576275,0.027439999878406524,25.0,1.0
6398835783,,,2.442989,41.791144,3537.0,9,174675,12732.4,0.03333758310464037,0.04218209591255354,,628999.0,0.388
6400131606,,,2.441919,41.783419,42.0,16,2861877471,99.5,0.0468424241989851,0.045358585852264155,0.022679798013408376,99.0,1.0
6400486823,,,2.442864,41.78878,15.0,17,11447510686,49.7,0.10454285577205676,0.08636428602039814,0.058307142761935084,28.0,1.0
6400514664,,,2.440951,41.78668,20.0,17,11447510667,49.7,0.09739999949932099,0.08584800034761429,0.06002800054848194,25.0,1.0
6411582258,,,2.40237,41.72186,2.0,18,45789840466,24.9,0.030671428622944013,0.03968571392553193,0.016099999924855574,7.0,1.0
6441221057,,,2.425801,41.800824,12.0,18,45790135662,24.9,0.028557143041065762,0.040414285979100635,0.016871428383248194,7.0,1.0
6441643155,,,2.445315,41.793099,459.0,12,11179209,1591.6,0.03981036042612299,0.045605879639928584,0.021161976484843012,25308.0,0.999
6481339804,,,2.462562,41.773376,3.0,18,45790016381,24.9,0.02093999981880188,0.03572000041604042,0.013939999975264072,5.0,0.806
6552105489,,,2.395208,41.76959,10061.0,8,43668,25464.8,0.038343180155692734,0.044647879304603934,,2038124.0,0.314
6552272829,,,2.356932,41.789269,18752.0,7,10917,50929.7,0.0382825533230211,0.044648243074149954,,2247974.0,0.087
6552858655,,,2.385093,41.789394,9932.0,8,43668,25464.8,0.038343180155692734,0.044647879304603934,,2038124.0,0.314
6553072702,,,2.44385,41.784707,178.0,14,178867352,397.9,0.042731944550971755,0.043084785432761744,0.01987891418346665,1584.0,1.0
6398581610,,,2.442217,41.77611,87.0,15,715469339,198.9,0.0464711056685253,0.04899723644382391,0.021569849320847646,398.0,1.0
6398593109,,,2.43144,41.709559,175.0,14,178866452,397.9,0.07394051671799251,0.0713068053258962,0.04741821054614182,1587.0,1.0
6398654485,,,2.446674,41.776617,22.0,17,11447509368,49.7,0.07914583330663542,0.0728791665751487,0.04578333338334536,24.0,0.972
6398659537,,,2.404842,41.704045,4.0,18,45789814961,24.9,0.03835999928414822,0.04254000037908554,0.023520000278949738,5.0,0.806
6398792208,,,2.431671,41.709635,177.0,14,178866452,397.9,0.07394051671799251,0.0713068053258962,0.04741821054614182,1587.0,1.0
6398838338,,,2.432644,41.780568,194.0,14,178867339,397.9,0.08509332493360457,0.08196832498380685,0.0500702771993931,1588.0,1.0
6399033702,,,2.438166,41.774852,23.0,17,11447509588,49.7,0.06349600002169609,0.07638000041246414,0.03814000003039837,25.0,1.0
6399043959,,,2.442712,41.774008,30.0,16,2861877345,99.5,0.059106060689446904,0.0598535355970715,0.026886868638673213,99.0,1.0
6399055076,,,2.359336,41.798917,5.0,18,45789984048,24.9,0.04335714304553611,0.0547142851033381,0.030885713939954127,7.0,1.0
6399088802,,,2.431671,41.709635,177.0,14,178866452,397.9,0.07394051671799251,0.0713068053258962,0.04741821054614182,1587.0,1.0
6399441786,,,2.359336,41.798917,5.0,18,45789984048,24.9,0.04335714304553611,0.0547142851033381,0.030885713939954127,7.0,1.0
6399491735,,,2.446714,41.776644,45.0,16,2861877342,99.5,0.037891836827430796,0.04251836736363416,0.020883673547805116,98.0,0.99
6399551538,,,2.359336,41.798917,5.0,18,45789984048,24.9,0.04335714304553611,0.0547142851033381,0.030885713939954127,7.0,1.0
6399774477,,,2.435561,41.775438,22.0,17,11447509607,49.7,0.08798750024288893,0.08635000015298526,0.054429167260726295,24.0,0.972
6399781544,,,2.441059,41.786922,194.0,14,178867354,397.9,0.07494565635829804,0.06965149022856126,0.040878566946821335,1577.0,0.996
6399860586,,,2.430294,41.709904,100.0,14,178866451,397.9,0.12932667918314422,0.10195785804435667,0.0712068442674885,1578.0,0.997
6400219763,,,2.437578,41.77714,48.0,16,2861877448,99.5,0.053354081830808094,0.06312448976143283,0.031155101935930397,98.0,0.99
6400242720,,,2.359336,41.798917,5.0,18,45789984048,24.9,0.04335714304553611,0.0547142851033381,0.030885713939954127,7.0,1.0
6400326803,,,2.438718,41.774624,5.0,18,45790036985,24.9,0.05448000133037567,0.06900000125169754,0.03229999989271164,5.0,0.806
6400541778,,,2.448311,41.780055,51.0,15,715469384,198.9,0.02805768266808176,0.042357934648241446,0.013869521439783492,397.0,1.0
6400617108,,,2.477817,41.762782,5.0,18,45790008745,24.9,0.020057142845221927,0.030842856903161322,0.011257142892905645,7.0,1.0
6400795706,,,2.438533,41.774632,5.0,18,45790036986,24.9,0.08864999997119109,0.09273333350817363,0.0500666672984759,6.0,0.968
6410628328,,,2.46289,41.774954,36.0,16,2861876073,99.5,0.03249591860768138,0.04147346950687316,0.019816326623668477,98.0,0.99
6412931040,,,2.440438,41.728858,22.0,17,11447456540,49.7,0.030325000019123156,0.034700000270580254,0.01616250005705903,24.0,0.972
6412964925,,,2.391215,41.781022,97.0,15,715468090,198.9,0.03425768259396631,0.040371032825833,0.020154911886328265,397.0,1.0
6412976947,,,2.359337,41.798917,5.0,18,45789984048,24.9,0.04335714304553611,0.0547142851033381,0.030885713939954127,7.0,1.0
6413149803,,,2.425462,41.716867,4.0,18,45789814278,24.9,0.1397833302617073,0.11633333563804626,0.09578333298365276,6.0,0.968
6413157534,,,2.393883,41.763078,20.0,17,11447485782,49.7,0.05893846214390718,0.054030769218045935,0.033784615341573954,26.0,1.0
6413190940,,,2.395197,41.764953,14.0,17,11447488524,49.7,0.020036000162363052,0.032760000228881835,0.013143999967724085,25.0,1.0
6413373366,,,2.391563,41.770163,194.0,14,178867010,397.9,0.04900257872511287,0.05138723272830248,0.02840402521245744,1590.0,1.0
6413376355,,,2.393172,41.770603,10.0,18,45789954774,24.9,0.028075000271201134,0.03895000088959932,0.019349999958649278,4.0,0.645
6413383334,,,2.42518,41.800465,221.0,13,44716929,795.8,0.02789180489379331,0.036812332298206046,0.016103031782162214,6333.0,1.0
6413407719,,,2.431671,41.709635,177.0,14,178866452,397.9,0.07394051671799251,0.0713068053258962,0.04741821054614182,1587.0,1.0
6413470520,,,2.3934,41.760525,3.0,18,45789855673,24.9,0.1263333335518837,0.09958333397905032,0.07598333371182282,6.0,0.968
6413612541,,,2.394,41.76227,14.0,17,11447485777,49.7,0.036255999952554706,0.04135600008070469,0.023120000101625918,25.0,1.0
6413634741,,,2.39488,41.76015,5.0,18,45789855682,24.9,0.0406249996740371,0.046337500447407365,0.026375000015832484,8.0,1.0
6413643863,,,2.391195,41.781012,12.0,18,45789957767,24.9,0.03323333337903023,0.038783333885173,0.02148333362614115,6.0,0.968
6413916482,,,2.393517,41.768963,121.0,14,178867010,397.9,0.04900257872511287,0.05138723272830248,0.02840402521245744,1590.0,1.0
6413980430,,,2.393705,41.763153,4.0,18,45789943152,24.9,0.05673999898135662,0.05026000067591667,0.024599999748170377,5.0,0.806
6414023798,,,2.391778,41.770558,4.0,18,45789954790,24.9,0.07338571388806615,0.06385714241436549,0.04078571445175579,7.0,1.0
6422379861,,,2.43336,41.708508,4.0,18,45789811760,24.9,0.121499997874101,0.12179999922712643,0.0928333339591821,6.0,0.968
6422421863,,,2.383546,41.766537,4.0,18,45789945032,24.9,0.027866666515668232,0.029800000600516796,0.01355000011002024,6.0,0.968
6422492828,,,2.389408,41.764719,4.0,18,45789943602,24.9,0.021339999884366988,0.02947999946773052,0.010960000101476908,5.0,0.806
6422631039,,,2.452162,41.790518,6.0,18,45790043217,24.9,0.05186666672428449,0.058516666293144226,0.04159999949236711,6.0,0.968
6422772012,,,2.384245,41.783864,11.0,18,45789963062,24.9,0.06806000024080276,0.06796000078320504,0.04960000105202198,5.0,0.806
6422930916,,,2.436347,41.705928,15.0,17,11447365517,49.7,0.250408332174023,0.1669166681046287,0.12118750003476937,24.0,0.972
6422931779,,,2.436353,41.70601,8.0,18,45789462070,24.9,0.24130000174045563,0.16636000275611879,0.12734000086784364,5.0,0.806
6423136702,,,2.428565,41.71833,16.0,17,11447453501,49.7,0.11903333369021614,0.09572083285699289,0.06592083272213738,24.0,0.972
6469790318,,,2.393105,41.76033,6.0,18,45789855663,24.9,0.11166666572292645,0.09495000044504802,0.07698333325485389,6.0,0.968
6470336922,,,2.384323,41.78394,4.0,18,45789963062,24.9,0.06806000024080276,0.06796000078320504,0.04960000105202198,5.0,0.806
6498382433,,,2.484467,41.703887,4.0,18,45789445233,24.9,0.019257143139839172,0.03048571412052427,0.01067142840474844,7.0,1.0
6520011710,,,2.391692,41.769675,3.0,18,45789954719,24.9,0.1576200008392334,0.13205999732017518,0.097639998793602,5.0,0.806
6430951571,,,2.480712,41.733047,7.0,18,45789646553,24.9,0.022614285882030214,0.03555714339017868,0.014757143067462104,7.0,1.0
6431102470,,,2.474897,41.73459,2.0,18,45789652136,24.9,0.03125,0.03653333242982626,0.017250000188748043,6.0,0.968
6431136753,,,2.478257,41.730402,5.0,18,45789645789,24.9,0.1526833325624466,0.11059999962647755,0.07579999913771947,6.0,0.968
6431282720,,,2.474122,41.727978,5.0,18,45789651025,24.9,0.03104285682950701,0.03538571484386921,0.01545714307576418,7.0,1.0
6431321305,,,2.484555,41.731307,8.0,18,45789646221,24.9,0.10206666588783264,0.07806666692097981,0.05701666635771593,6.0,0.968
6431390591,,,2.429503,41.71567,20.0,17,11447453459,49.7,0.13616800010204316,0.11049599945545197,0.08418000027537346,25.0,1.0
6431670967,,,2.435967,41.773359,4.0,18,45790038286,24.9,0.13214000165462494,0.11229999959468842,0.0778599999845028,5.0,0.806
6440969783,,,2.462036,41.775002,9.0,18,45790017166,24.9,0.03994000032544136,0.048159999400377275,0.022420000471174716,5.0,0.806
6441033706,,,2.380615,41.769147,4.0,18,45789945500,24.9,0.021316667087376118,0.03194999974220991,0.013066666666418314,6.0,0.968
6441058895,,,2.481235,41.769174,18.0,17,11447505049,49.7,0.048366666693861284,0.05057916704875728,0.027216666843742132,24.0,0.972
6441182308,,,2.481228,41.769233,29.0,16,2861876262,99.5,0.04755051535813464,0.05018865968071923,0.026992783603287235,97.0,0.98
6441206692,,,2.466537,41.773664,69.0,15,715469011,198.9,0.020858291569329685,0.03372864325030066,0.013120100528104745,398.0,1.0
6441210854,,,2.473068,41.768051,29.0,16,2861875672,99.5,0.019503092863740995,0.028519587591290474,0.011847422635854827,97.0,0.98
6441371788,,,2.482649,41.773569,37.0,16,2861876286,99.5,0.05932100002304651,0.06609699988272041,0.03643600004957989,100.0,1.0
6441398971,,,2.482456,41.773589,28.0,16,2861876286,99.5,0.05932100002304651,0.06609699988272041,0.03643600004957989,100.0,1.0
6441421563,,,2.481251,41.769191,8.0,18,45790020199,24.9,0.040750000004967056,0.043333333606521286,0.02013333374634385,6.0,0.968
6441615391,,,2.347373,41.799678,187.0,14,178867129,397.9,0.051307473163591716,0.05367853076794692,0.030200823322687583,1579.0,0.997
6441615882,,,2.396427,41.757167,19.0,17,11447463788,49.7,0.10394583316519856,0.08908333365495007,0.06249999984477957,24.0,0.972
6441649716,,,2.471525,41.769025,19.0,17,11447502741,49.7,0.04055416684908172,0.04925416689366102,0.02306249997733782,24.0,0.972
6441762337,,,2.347533,41.7975,525.0,12,11179195,1591.6,0.046085986296917916,0.04907344978140348,0.026021435388332893,25318.0,0.999
6441805523,,,2.347569,41.797832,406.0,12,11179195,1591.6,0.046085986296917916,0.04907344978140348,0.026021435388332893,25318.0,0.999
6442108805,,,2.345269,41.800892,100.0,14,178867131,397.9,0.036439018333248696,0.0467847703107386,0.02076073003328009,1589.0,1.0
6451554536,,,2.410363,41.789833,7.0,18,45789960065,24.9,0.04321999959647656,0.04310000017285347,0.023240000009536743,5.0,0.806
6452313873,,,2.41038,41.78983,4.0,18,45789960065,24.9,0.04321999959647656,0.04310000017285347,0.023240000009536743,5.0,0.806
6470600811,,,2.454713,41.781315,5.0,18,45790040403,24.9,0.020416666753590107,0.03355000105996927,0.012233333506931862,6.0,0.968
6479453357,,,2.475768,41.728504,7.0,18,45789645733,24.9,0.020080000162124634,0.033459999784827235,0.013119999691843987,5.0,0.806
6498893927,,,2.474562,41.730095,8.0,18,45789651237,24.9,0.04544285738042423,0.0483571429337774,0.02847142850181886,7.0,1.0
6499219085,,,2.451928,41.757451,9.0,18,45790011829,24.9,0.05131666579594215,0.045250000432133675,0.02648333366960287,6.0,0.968
6499823744,,,2.43146,41.71637,31.0,16,2861863290,99.5,0.10794100029394031,0.08820400038734079,0.061651000073179606,100.0,1.0
6518450608,,,2.410422,41.789322,4.0,18,45789959976,24.9,0.05858571454882622,0.061742856566395075,0.03729999970112528,7.0,1.0
6479219508,,,2.464986,41.772416,79.0,15,715469010,198.9,0.024654797948614665,0.03528560613366691,0.015323484907952148,396.0,1.0
6479348509,,,2.4686,41.770196,46.0,16,2861875694,99.5,0.03514399990439415,0.043362000323832035,0.020919000045396388,100.0,1.0
6479554361,,,2.433086,41.716037,4.0,18,45789812630,24.9,0.015483333729207516,0.025883333447078865,0.009750000045945248,6.0,0.968
6479802312,,,2.466893,41.773268,25.0,16,2861876045,99.5,0.021501000160351395,0.03420799998566508,0.013091000020503998,100.0,1.0
6480721044,,,2.43401,41.724846,4.0,18,45789825442,24.9,0.02888333300749461,0.03635000033924977,0.016683333398153383,6.0,0.968
6481363501,,,2.470615,41.767837,43.0,16,2861875684,99.5,0.03865882355318058,0.04047450994817065,0.02338039215686092,102.0,1.0
6498184580,,,2.44227,41.787929,59.0,15,715469417,198.9,0.06430703529329905,0.05805477392789557,0.03327135677828486,398.0,1.0
6498319042,,,2.438184,41.783492,391.0,13,44716835,795.8,0.050700379649117396,0.049706974601755737,0.023814407757633806,6323.0,0.998
6499376367,,,2.480621,41.76903,4.0,18,45790020201,24.9,0.10321428626775742,0.08991428571087974,0.06488571475659098,7.0,1.0
6518379119,,,2.472345,41.788522,4.0,18,45790030853,24.9,0.0272428568984781,0.029700000371251787,0.012399999956999506,7.0,1.0
6519212503,,,2.443867,41.789258,58.0,15,715469420,198.9,0.11761057931901676,0.09914710345473939,0.06914836269866685,397.0,1.0
6519847430,,,2.347518,41.803074,31.0,16,2861874101,99.5,0.043665346592701604,0.05018613877531031,0.02340297018048713,101.0,1.0
6519889365,,,2.347506,41.801549,15.0,17,11447496312,49.7,0.06409166691203912,0.06337083348383506,0.040829166459540524,24.0,0.972
6519924168,,,2.347207,41.802069,31.0,16,2861874078,99.5,0.07983299992978572,0.07569000020623207,0.04933499982580543,100.0,1.0
6519949314,,,2.381197,41.809413,29.0,16,2861874479,99.5,0.11499393979708354,0.09888989937425864,0.0675686869506884,99.0,1.0
6520228356,,,2.347082,41.802761,61.0,15,715468525,198.9,0.04661662474108076,0.05250881615233249,0.02756171279780535,397.0,1.0
6520318451,,,2.466626,41.769502,77.0,15,715469008,198.9,0.02225969395509978,0.03233367350066499,0.013311734717049427,392.0,0.991
6550914701,,,2.434019,41.705433,37.0,16,2861841341,99.5,0.10238686888807952,0.08414141397283535,0.05818888893106369,99.0,1.0
6551226730,,,2.356483,41.81992,3.0,18,45791396873,24.9,0.11906000077724457,0.09919999986886978,0.0709599994122982,5.0,0.806
6551409575,,,2.43427,41.705371,7.0,18,45789461468,24.9,0.07659999964137872,0.06526666631301244,0.03851666674017906,6.0,0.968
6551771116,,,2.434228,41.705422,29.0,16,2861841341,99.5,0.10238686888807952,0.08414141397283535,0.05818888893106369,99.0,1.0
6552842017,,,2.354697,41.821158,21.0,17,11447849079,49.7,0.0881807695214565,0.0791346152814535,0.05530384616353191,26.0,1.0
5036679712,,,2.464212,41.77429,160.0,14,178867254,397.9,0.03519023933168735,0.040365617247814456,0.019521284662538985,1588.0,1.0
5036925569,,,2.466759,41.772924,296.0,13,44716813,795.8,0.026934713933106313,0.03600494791978839,0.015332674701858541,6326.0,0.999
5037006871,,,2.442021,41.772002,943.0,11,2794802,3183.1,0.04665620069152208,0.05079055051688163,0.023999754155989605,101264.0,0.999
5063447516,,,2.482785,41.707027,61.0,15,715460092,198.9,0.03539647364177242,0.04515994963721755,0.021000251988000623,397.0,1.0
5063502718,,,2.479801,41.710733,15.0,17,11447366978,49.7,0.03744000025093555,0.047811999917030334,0.022996000200510024,25.0,1.0
5063673431,,,2.459783,41.795227,27754.0,6,2729,101859.4,0.03827245592170997,0.0446433830562681,,2250000.0,0.022
5063680517,,,2.458268,41.736627,27754.0,6,2729,101859.4,0.03827245592170997,0.0446433830562681,,2250000.0,0.022
5063690448,,,2.406201,41.764042,27754.0,6,2729,101859.4,0.03827245592170997,0.0446433830562681,,2250000.0,0.022
5110294648,,,2.477133,41.76646,4.0,18,45790009288,24.9,0.020971428469887803,0.031071428741727556,0.011485714332333632,7.0,1.0
5110514699,,,2.342548,41.790911,10.0,18,45789981781,24.9,0.1187666654586792,0.09350000197688739,0.06971666651467483,6.0,0.968
5063752009,,,2.462234,41.775629,34.0,16,2861876075,99.5,0.03247800001874566,0.03837400007992983,0.01730500009842217,100.0,1.0
5064110027,,,2.46634,41.771949,8.0,18,45790016575,24.9,0.021800000220537186,0.0389714278280735,0.013657142940376486,7.0,1.0
5069841797,,,2.477726,41.75801,4.0,18,45790008344,24.9,0.024633333397408325,0.03513333356628815,0.014999999819944302,6.0,0.968
5069908641,,,2.477698,41.757986,4.0,18,45790008344,24.9,0.024633333397408325,0.03513333356628815,0.014999999819944302,6.0,0.968
5069925715,,,2.477662,41.758011,4.0,18,45790008344,24.9,0.024633333397408325,0.03513333356628815,0.014999999819944302,6.0,0.968
5077108262,,,2.379763,41.809087,3.0,18,45789993036,24.9,0.11833333348234494,0.10114999984701474,0.07031666735808055,6.0,0.968
5087147027,,,2.476371,41.705745,7.0,18,45789466948,24.9,0.07639999998112519,0.06823333476980527,0.039516666593650975,6.0,0.968
5087556761,,,2.477068,41.705717,31.0,16,2861840319,99.5,0.17454374954104424,0.134111458202824,0.08888020804927994,96.0,0.97
5104363148,,,2.475606,41.708523,7.0,18,45789467095,24.9,0.019740000367164612,0.026100000366568565,0.009760000184178353,5.0,0.806
5110536048,,,2.480052,41.816473,13.0,17,11447525504,49.7,0.07322692426924522,0.0730692302235044,0.04312307654450146,26.0,1.0
5154239864,,,2.466731,41.775973,980.0,11,2794800,3183.1,0.031361443412368635,0.03962692672468968,0.017493049880864805,101264.0,0.999
6171224007,,,2.46082,41.72098,22.0,17,11447368908,49.7,0.078783999979496,0.07080800041556358,0.046584000363945964,25.0,1.0
6289679771,,,2.46,41.71,707.1,12,11179068,1591.6,0.04882459421533567,0.05048687910588578,0.026872378913342352,8193.0,0.323
5081745555,,,2.414191,41.756477,9.0,18,45789859391,24.9,0.031383333106835685,0.03744999940196673,0.01991666682685415,6.0,0.968
5104616145,,,2.467828,41.764305,18.0,17,11447502447,49.7,0.023570833417276543,0.036137500001738466,0.01386666662680606,24.0,0.972
5104671143,,,2.344353,41.818097,187.0,14,178872605,397.9,0.043218366050310646,0.045370994362817336,0.0274493350854416,1579.0,0.997
5108123878,,,2.4679,41.764183,4.0,18,45790009791,24.9,0.022083333383003872,0.03425000018129746,0.013333333345750967,6.0,0.968
5108369921,,,2.422575,41.786358,10.0,18,45790046426,24.9,0.04571666630605856,0.05253333350022634,0.016366666958977778,6.0,0.968
5110505568,,,2.39354,41.760169,12.0,18,45789855666,24.9,0.10366000160574913,0.06390000134706497,0.039860000088810923,5.0,0.806
5110533912,,,2.478472,41.770742,11.0,18,45790021655,24.9,0.06294285772102219,0.05641428594078336,0.029800000467470715,7.0,1.0
6130954624,,,2.349961,41.791227,11.0,18,45789982875,24.9,0.0604142855320658,0.05424285680055618,0.034842856494443755,7.0,1.0
6289569882,,,2.45,41.71,707.1,12,11179070,1591.6,0.05038476367845451,0.05153242412576494,0.027608356510463228,24855.0,0.981
6289595828,,,2.47,41.72,707.1,12,11179069,1591.6,0.06071125402912366,0.05798951999491809,0.03342557139667386,24809.0,0.979
6289720662,,,2.47,41.72,707.1,12,11179069,1591.6,0.06071125402912366,0.05798951999491809,0.03342557139667386,24809.0,0.979
5107892554,,,2.467611,41.723181,36.0,16,2861842247,99.5,0.03274100008420646,0.05181100007146597,0.02051500008907169,100.0,1.0
5108445506,,,2.346801,41.801224,8.0,18,45789985209,24.9,0.04525714234582016,0.0532857139727899,0.027242857164570262,7.0,1.0
5133630346,,,2.394521,41.797234,27754.0,6,2729,101859.4,0.03827245592170997,0.0446433830562681,,2250000.0,0.022
5133928160,,,2.345821,41.716419,13.0,17,11447469552,49.7,0.022741666762158275,0.03484999993816018,0.012620833469554782,24.0,0.972
5134218076,,,2.393551,41.762074,1100.0,11,2794796,3183.1,0.03595666695207549,0.04333489921410476,0.021234380751291613,101269.0,0.999
5134249952,,,2.380591,41.780056,3000.0,10,698699,6366.2,0.043202588058989515,0.04702846535040622,0.023804367526426663,405062.0,0.999
5134278741,,,2.367072,41.752949,71738.0,6,2729,101859.4,0.03827245592170997,0.0446433830562681,,2250000.0,0.022
5134529412,,,2.380591,41.780056,3000.0,10,698699,6366.2,0.043202588058989515,0.04702846535040622,0.023804367526426663,405062.0,0.999
5140283987,,,2.39138,41.763551,209.0,13,44716741,795.8,0.04196563938104755,0.04475290033544139,0.024465481314408635,6327.0,0.999
5140334193,,,2.479568,41.824462,13.0,17,11447525966,49.7,0.04273333361682793,0.047270833126579724,0.021837500059821952,24.0,0.972
5140340092,,,2.480461,41.824363,5.0,18,45790103860,24.9,0.02606666615853707,0.039400000435610615,0.015950000224014122,6.0,0.968
5140342177,,,2.482043,41.823159,14.0,17,11447525624,49.7,0.07988333407168587,0.07991666626185179,0.0453791671898216,24.0,0.972
5140345108,,,2.479955,41.824544,8.0,18,45790103865,24.9,0.05548333438734213,0.05824999945859114,0.029650000234444935,6.0,0.968
5140350096,,,2.481547,41.823288,8.0,18,45790102460,24.9,0.03328333360453447,0.04975000085930029,0.01680000025468568,6.0,0.968
5140351015,,,2.479709,41.824287,6.0,18,45790103864,24.9,0.03513999991118908,0.045959999412298204,0.015979999862611293,5.0,0.806
5140358216,,,2.479654,41.824438,9.0,18,45790103866,24.9,0.021566666662693024,0.03063333376000325,0.010266666999086738,6.0,0.968
5140363143,,,2.47967,41.824621,8.0,18,45790103866,24.9,0.021566666662693024,0.03063333376000325,0.010266666999086738,6.0,0.968
5140369260,,,2.479514,41.824553,8.0,18,45790103866,24.9,0.021566666662693024,0.03063333376000325,0.010266666999086738,6.0,0.968
5140370178,,,2.482259,41.823153,6.0,18,45790102496,24.9,0.04220000095665455,0.05290000047534704,0.02122499980032444,4.0,0.645
5140373269,,,2.479643,41.824391,6.0,18,45790103866,24.9,0.021566666662693024,0.03063333376000325,0.010266666999086738,6.0,0.968
5140443167,,,2.482247,41.823131,8.0,18,45790102496,24.9,0.04220000095665455,0.05290000047534704,0.02122499980032444,4.0,0.645
5140482248,,,2.482053,41.823142,8.0,18,45790102453,24.9,0.06362857137407575,0.06767142830150467,0.026085714676550457,7.0,1.0
5140482274,,,2.480471,41.824352,6.0,18,45790103860,24.9,0.02606666615853707,0.039400000435610615,0.015950000224014122,6.0,0.968
5140501272,,,2.48102,41.823968,9.0,18,45790103837,24.9,0.02926666693141063,0.04160000073413054,0.017449999693781137,6.0,0.968
5140523230,,,2.47964,41.824394,8.0,18,45790103866,24.9,0.021566666662693024,0.03063333376000325,0.010266666999086738,6.0,0.968
5140548280,,,2.390303,41.814347,4.0,18,45789992726,24.9,0.07308000177145005,0.06250000149011611,0.030579999834299088,5.0,0.806
5140593336,,,2.3947,41.808328,3.0,18,45789970215,24.9,0.06986666719118755,0.052999999995032944,0.02471666658918063,6.0,0.968
5154286023,,,2.479626,41.824513,8.0,18,45790103866,24.9,0.021566666662693024,0.03063333376000325,0.010266666999086738,6.0,0.968
5176376515,,,2.48041,41.824346,7.0,18,45790103860,24.9,0.02606666615853707,0.039400000435610615,0.015950000224014122,6.0,0.968
5291781285,,,2.480064,41.82448,9.0,18,45790103865,24.9,0.05548333438734213,0.05824999945859114,0.029650000234444935,6.0,0.968
5291852040,,,2.393551,41.762074,1100.0,11,2794796,3183.1,0.03595666695207549,0.04333489921410476,0.021234380751291613,101269.0,0.999
5760801473,,,2.482228,41.82316,9.0,18,45790102496,24.9,0.04220000095665455,0.05290000047534704,0.02122499980032444,4.0,0.645
5844387521,,,2.480228,41.824339,8.0,18,45790103859,24.9,0.04326666705310345,0.04628333325187365,0.022533333394676447,6.0,0.968
5892524796,,,2.380591,41.780056,3000.0,10,698699,6366.2,0.043202588058989515,0.04702846535040622,0.023804367526426663,405062.0,0.999
5897890146,,,2.480682,41.824231,6.0,18,45790103838,24.9,0.03619999997317791,0.0515833335618178,0.020900000197192032,6.0,0.968
5902812120,,,2.385031,41.767449,13.0,17,11447486261,49.7,0.057316666236147285,0.05778750032186508,0.037862500020613275,24.0,0.972
5938137130,,,2.482376,41.823098,7.0,18,45790102474,24.9,0.08308571257761546,0.07349999994039536,0.03494285712284701,7.0,1.0
6147287455,,,2.481805,41.823083,10.0,18,45790102455,24.9,0.040416666927436985,0.0550666656345129,0.01854999999826153,6.0,0.968
6147562679,,,2.393551,41.762074,1100.0,11,2794796,3183.1,0.03595666695207549,0.04333489921410476,0.021234380751291613,101269.0,0.999
6185635771,,,2.481512,41.823273,8.0,18,45790102460,24.9,0.03328333360453447,0.04975000085930029,0.01680000025468568,6.0,0.968
6187940010,,,2.480002,41.824473,9.0,18,45790103865,24.9,0.05548333438734213,0.05824999945859114,0.029650000234444935,6.0,0.968
6253196143,,,2.347711,41.79209,27754.0,6,2729,101859.4,0.03827245592170997,0.0446433830562681,,2250000.0,0.022
6289425558,,,2.39,41.75,707.1,12,11179163,1591.6,0.03556846414581481,0.043332661842194316,0.02078778940310252,25314.0,0.999
6289444949,,,2.38,41.8,707.1,12,11179196,1591.6,0.06157991474015063,0.05708674153721299,0.03420681106405118,25312.0,0.999
6289676998,,,2.41,41.75,707.1,12,11179164,1591.6,0.034698088213236764,0.042827168673654784,0.020516851047747565,25316.0,0.999
6398654981,,,2.479569,41.824496,11.0,18,45790103866,24.9,0.021566666662693024,0.03063333376000325,0.010266666999086738,6.0,0.968
6518694829,,,2.479685,41.82436,8.0,18,45790103866,24.9,0.021566666662693024,0.03063333376000325,0.010266666999086738,6.0,0.968
5153225743,,,2.392316,41.774532,2500.0,10,698699,6366.2,0.043202588058989515,0.04702846535040622,0.023804367526426663,405062.0,0.999
5153446144,,,2.400032,41.757896,1299.0,11,2794791,3183.1,0.03253101288121828,0.04055267459068406,0.01880483557840758,101271.0,1.0
5153494204,,,2.43366,41.803643,72.0,15,715469549,198.9,0.04329673379388212,0.048063065412093944,0.02478643224443585,398.0,1.0
5153756025,,,2.442858,41.794339,207.0,13,44716844,795.8,0.049745523526464004,0.05739655778405827,0.026219911622674504,6333.0,1.0
5153959985,,,2.392316,41.774532,2500.0,10,698699,6366.2,0.043202588058989515,0.04702846535040622,0.023804367526426663,405062.0,0.999
5154122014,,,2.475283,41.751326,337.0,13,44716462,795.8,0.02725660828080869,0.03903690199808143,0.017073282843065175,6333.0,1.0
5154153385,,,2.443489,41.797213,102.0,14,178867380,397.9,0.04115714291620547,0.04528602906617074,0.0200689113241737,1589.0,1.0
5154486637,,,2.435695,41.780282,27754.0,6,2729,101859.4,0.03827245592170997,0.0446433830562681,,2250000.0,0.022
5158404090,,,2.484241,41.813656,2.0,18,45790079676,24.9,0.09312857208507401,0.08192857088787216,0.047271428629755974,7.0,1.0
5166852405,,,2.345898,41.797682,8.0,18,45789984964,24.9,0.033749999944120646,0.04385000001639128,0.019324999768286943,4.0,0.645
5166876141,,,2.43914,41.72859,198.0,14,178866508,397.9,0.08900113998451627,0.07410474988013185,0.048034705543693594,1579.0,0.997
5166934982,,,2.43914,41.72859,198.0,14,178866508,397.9,0.08900113998451627,0.07410474988013185,0.048034705543693594,1579.0,0.997
5166995184,,,2.43914,41.72859,198.0,14,178866508,397.9,0.08900113998451627,0.07410474988013185,0.048034705543693594,1579.0,0.997
5167022475,,,2.34574,41.797401,7.0,18,45789984961,24.9,0.03392857180110046,0.03964285712156977,0.01994285705898489,7.0,1.0
5167030416,,,2.43914,41.72859,198.0,14,178866508,397.9,0.08900113998451627,0.07410474988013185,0.048034705543693594,1579.0,0.997
5167043935,,,2.43914,41.72859,198.0,14,178866508,397.9,0.08900113998451627,0.07410474988013185,0.048034705543693594,1579.0,0.997
5167043936,,,2.43914,41.72859,198.0,14,178866508,397.9,0.08900113998451627,0.07410474988013185,0.048034705543693594,1579.0,0.997
5167100790,,,2.336337,41.8072,12.0,18,45791384244,24.9,0.027150000135103863,0.04496666664878527,0.018499999927977722,6.0,0.968
5167217611,,,2.355176,41.791078,6.0,18,45789977520,24.9,0.03251666699846586,0.04266666683057944,0.021749999684592087,6.0,0.968
5167274311,,,2.346701,41.799588,9.0,18,45789985161,24.9,0.05291666680326065,0.05766666711618503,0.03321666611979405,6.0,0.968
5167278710,,,2.354958,41.791312,10.0,18,45789977522,24.9,0.04326000064611435,0.047699999809265134,0.027500000223517417,5.0,0.806
5167305130,,,2.43914,41.72859,198.0,14,178866508,397.9,0.08900113998451627,0.07410474988013185,0.048034705543693594,1579.0,0.997
5167312351,,,2.43914,41.72859,198.0,14,178866508,397.9,0.08900113998451627,0.07410474988013185,0.048034705543693594,1579.0,0.997
5167326791,,,2.350156,41.789458,9.0,18,45789982761,24.9,0.031249999689559143,0.038866667076945305,0.019583333283662796,6.0,0.968
5167382799,,,2.466058,41.711272,4.0,18,45789468900,24.9,0.07537142932415009,0.07395714255315917,0.04781428511653628,7.0,1.0
5167434912,,,2.428581,41.778789,90.0,15,715469441,198.9,0.0556146465430055,0.04452146476868427,0.020930050618269226,396.0,1.0
5167447222,,,2.345819,41.797233,9.0,18,45789984874,24.9,0.025657142911638533,0.03449999966791698,0.01534285702343498,7.0,1.0
5167471281,,,2.43914,41.72859,198.0,14,178866508,397.9,0.08900113998451627,0.07410474988013185,0.048034705543693594,1579.0,0.997
5167585106,,,2.43914,41.72859,198.0,14,178866508,397.9,0.08900113998451627,0.07410474988013185,0.048034705543693594,1579.0,0.997
5167631925,,,2.43914,41.72859,198.0,14,178866508,397.9,0.08900113998451627,0.07410474988013185,0.048034705543693594,1579.0,0.997
5167646861,,,2.346773,41.800108,9.0,18,45789985188,24.9,0.03381666696319977,0.04463333388169607,0.01976666661600272,6.0,0.968
5167653459,,,2.3529,41.788484,10.0,18,45789977269,24.9,0.026942857408097813,0.037128571420907974,0.01745714300445148,7.0,1.0
5167660906,,,2.328313,41.827865,27723.0,6,2729,101859.4,0.03827245592170997,0.0446433830562681,,2250000.0,0.022
5167677918,,,2.43914,41.72859,198.0,14,178866508,397.9,0.08900113998451627,0.07410474988013185,0.048034705543693594,1579.0,0.997
5167721711,,,2.345964,41.797334,10.0,18,45789984875,24.9,0.043366666262348495,0.050383333737651505,0.02408333324516813,6.0,0.968
5167730743,,,2.468142,41.709822,4.0,18,45789468763,24.9,0.034499999756614365,0.03883333380023638,0.017099999512235325,6.0,0.968
5167751751,,,2.443402,41.791438,207.0,13,44716838,795.8,0.06195160432188634,0.059918871588374764,0.03310692274405178,6327.0,0.999
5167761551,,,2.43914,41.72859,198.0,14,178866508,397.9,0.08900113998451627,0.07410474988013185,0.048034705543693594,1579.0,0.997
5167777437,,,2.345966,41.7987,23.0,17,11447496246,49.7,0.03475600004196167,0.0429519996792078,0.02102000009268522,25.0,1.0
5167779464,,,2.345949,41.79723,9.0,18,45789984875,24.9,0.043366666262348495,0.050383333737651505,0.02408333324516813,6.0,0.968
5167797917,,,2.355392,41.790621,5.0,18,45789977485,24.9,0.03420000001788139,0.043300000578165056,0.022920000553131103,5.0,0.806
5167806843,,,2.347094,41.797118,187.0,14,178867128,397.9,0.03358397479418795,0.040832176738732996,0.020067381746303115,1585.0,1.0
5167840297,,,2.442592,41.7741,3.0,18,45790037533,24.9,0.0602400004863739,0.05907999947667122,0.03391999900341034,5.0,0.806
5167859527,,,2.342513,41.792889,6.0,18,45789982002,24.9,0.14873750042170286,0.110662498511374,0.0834875013679266,8.0,1.0
5167947238,,,2.346185,41.798621,8.0,18,45789984979,24.9,0.037949999794363976,0.043333333606521286,0.02205000010629495,6.0,0.968
5167979283,,,2.464699,41.773134,15.0,17,11447504174,49.7,0.017129166711432237,0.0326000004230688,0.01262083335313946,24.0,0.972
5168011804,,,2.386773,41.796817,20.0,17,11447491455,49.7,0.06307916684697072,0.0526416664943099,0.03142499993555248,24.0,0.972
5168083919,,,2.374231,41.776944,189.0,14,178867004,397.9,0.030266054513132256,0.036298036764059134,0.01768967704116081,1579.0,0.997
5168084606,,,2.46697,41.709842,4.0,18,45789468777,24.9,0.054979999735951426,0.049559999257326126,0.02727999985218048,5.0,0.806
5168113531,,,2.352248,41.793775,5.0,18,45789983118,24.9,0.03228571452200413,0.04159999984715666,0.01601428565170084,7.0,1.0
5168232799,,,2.394621,41.759192,1068.0,11,2794790,3183.1,0.03210401422870306,0.04135089476226604,0.01950872557235331,101266.0,0.999
5168276213,,,2.342547,41.792365,8.0,18,45789981988,24.9,0.11776666591564815,0.09485000123580296,0.06391666705409686,6.0,0.968
5168336987,,,2.342239,41.79185,9.0,18,45789981984,24.9,0.027180000394582748,0.03497999906539917,0.01843999996781349,5.0,0.806
5168343275,,,2.35509,41.791113,7.0,18,45789977520,24.9,0.03251666699846586,0.04266666683057944,0.021749999684592087,6.0,0.968
5168391157,,,2.347333,41.800792,8.0,18,45789985204,24.9,0.1291833333671093,0.11035000036160152,0.08261666757365067,6.0,0.968
5168429520,,,2.355248,41.788991,9.0,18,45789977213,24.9,0.04811666595439116,0.05203333372871081,0.030383333563804626,6.0,0.968
5168436195,,,2.346584,41.800207,7.0,18,45789985188,24.9,0.03381666696319977,0.04463333388169607,0.01976666661600272,6.0,0.968
5168458703,,,2.473427,41.758964,190.0,14,178867219,397.9,0.028040949379011422,0.03883594949199241,0.01808405065764614,1580.0,0.998
5168523863,,,2.346169,41.797839,10.0,18,45789984879,24.9,0.05876666617890199,0.06076666650672754,0.03568333356330792,6.0,0.968
5168544507,,,2.343767,41.790145,7.0,18,45789980554,24.9,0.1290500027438005,0.09001666555802028,0.06644999918838342,6.0,0.968
5168549313,,,2.34254,41.792874,9.0,18,45789982002,24.9,0.14873750042170286,0.110662498511374,0.0834875013679266,8.0,1.0
5168554847,,,2.4633,41.72366,4.0,18,45789476388,24.9,0.06628571503928729,0.06251428622220244,0.04588571363793952,7.0,1.0
5176356072,,,2.342028,41.712172,6.0,18,45789877893,24.9,0.022066667055090267,0.031200000705818336,0.013349999828884998,6.0,0.968
5176358557,,,2.346127,41.797414,10.0,18,45789984876,24.9,0.024516666308045387,0.034100000436107315,0.014549999963492155,6.0,0.968
5176371771,,,2.346994,41.800601,5.0,18,45789985200,24.9,0.07777142844029836,0.06724285706877708,0.04675714299082756,7.0,1.0
5176584955,,,2.341705,41.718372,32.0,16,2861867480,99.5,0.042787128985665814,0.04702475229923678,0.02478712876465651,101.0,1.0
5176643117,,,2.328832,41.776213,40.0,16,2861871040,99.5,0.10623673467459727,0.07685102066215203,0.05316224468073675,98.0,0.99
5176648841,,,2.342345,41.712303,6.0,18,45789877818,24.9,0.02746666657427947,0.036350000028808914,0.016383332821230095,6.0,0.968
5176650546,,,2.34537,41.716725,8.0,18,45789878217,24.9,0.032366666632393994,0.040816666558384895,0.01776666659861803,6.0,0.968
5176771026,,,2.342897,41.711188,6.0,18,45789877775,24.9,0.029416666987041633,0.04461666693290075,0.01840000009785096,6.0,0.968
5176884502,,,2.342378,41.71232,6.0,18,45789877819,24.9,0.030999999865889548,0.033460000157356264,0.01860000006854534,5.0,0.806
5176914187,,,2.314339,41.75089,11.0,18,45789918644,24.9,0.11195714346000127,0.07675714365073613,0.05285714300615447,7.0,1.0
5177020880,,,2.333558,41.766513,106.0,14,178866907,397.9,0.08644971656880067,0.06582155013509756,0.042390548267883556,1587.0,1.0
5177030961,,,2.32577,41.760037,71.0,15,715467665,198.9,0.04818498737560277,0.04338549624929446,0.024177353756867217,393.0,0.993
5177050194,,,2.44892,41.772453,4.0,18,45790015387,24.9,0.11021666477123897,0.09431666508316994,0.06706666698058446,6.0,0.968
5177217161,,,2.35543,41.817586,27723.0,6,2729,101859.4,0.03827245592170997,0.0446433830562681,,2250000.0,0.022
5177309057,,,2.449595,41.769767,9.0,18,45790015240,24.9,0.045850000654657684,0.04328333338101705,0.022250000076989334,6.0,0.968
5187641640,,,2.366531,41.830391,27723.0,6,2729,101859.4,0.03827245592170997,0.0446433830562681,,2250000.0,0.022
5199200555,,,2.346015,41.796822,9.0,18,45789984866,24.9,0.060828572139143944,0.05831428564020565,0.03528571394937379,7.0,1.0
5217392693,,,2.403056,41.793333,794.0,12,11179189,1591.6,0.02786445398901639,0.03697837054525887,0.016149431039150446,25308.0,0.999
5230387694,,,2.485587,41.712597,3.0,18,45789620798,24.9,0.045833333084980644,0.05290000016490618,0.02648333366960287,6.0,0.968
5237923464,,,2.347117,41.800704,9.0,18,45789985201,24.9,0.08928571481789861,0.07748571517212051,0.05244285746344498,7.0,1.0
5760758472,,,2.421379,41.769959,27754.0,6,2729,101859.4,0.03827245592170997,0.0446433830562681,,2250000.0,0.022
5938137157,,,2.328927,41.776445,81.0,15,715467760,198.9,0.0960118093682294,0.071230904568904,0.04835075369554024,398.0,1.0
6162908969,,,2.346222,41.721337,308.0,13,44716690,795.8,0.043281558201990915,0.04813143183293549,0.02563939638219199,6328.0,0.999
6163343950,,,2.348612,41.736063,166.0,14,178866789,397.9,0.025114835925503738,0.034177840958970286,0.015485921736472672,1584.0,1.0
6163344359,,,2.346423,41.720177,166.0,14,178866760,397.9,0.0490648735161352,0.05150854443848322,0.028457468407983078,1580.0,0.998
6163405403,,,2.346638,41.720753,290.0,13,44716690,795.8,0.043281558201990915,0.04813143183293549,0.02563939638219199,6328.0,0.999
6171211458,,,2.348011,41.722291,458.0,12,11179172,1591.6,0.035374504439671044,0.04374763061942799,0.021362214718749144,25322.0,1.0
6178347965,,,2.346552,41.721105,166.0,14,178866760,397.9,0.0490648735161352,0.05150854443848322,0.028457468407983078,1580.0,0.998
6178404796,,,2.345865,41.721266,166.0,14,178866760,397.9,0.0490648735161352,0.05150854443848322,0.028457468407983078,1580.0,0.998
6178539193,,,2.340599,41.726179,89.0,15,715467136,198.9,0.03467208123174945,0.04083350263441426,0.021487817302970263,394.0,0.996
6178925218,,,2.345994,41.721746,166.0,14,178866760,397.9,0.0490648735161352,0.05150854443848322,0.028457468407983078,1580.0,0.998
6179082436,,,2.346093,41.721221,166.0,14,178866760,397.9,0.0490648735161352,0.05150854443848322,0.028457468407983078,1580.0,0.998
6179424445,,,2.34668,41.723668,390.0,13,44716690,795.8,0.043281558201990915,0.04813143183293549,0.02563939638219199,6328.0,0.999
6289400692,,,2.33,41.78,707.1,12,11179183,1591.6,0.05573680329196191,0.05060736390394145,0.028957887309601298,25313.0,0.999
6289464453,,,2.45,41.71,707.1,12,11179070,1591.6,0.05038476367845451,0.05153242412576494,0.027608356510463228,24855.0,0.981
6289500644,,,2.36,41.8,707.1,12,11179195,1591.6,0.046085986296917916,0.04907344978140348,0.026021435388332893,25318.0,0.999
6289622466,,,2.32,41.76,707.1,12,11179182,1591.6,0.03707832857782533,0.04135440892255776,0.02040492816209459,24553.0,0.969
6289642570,,,2.34,41.78,707.1,12,11179194,1591.6,0.04357933163524932,0.04704878335379219,0.025132357641726052,25314.0,0.999
6289725996,,,2.33,41.78,707.1,12,11179183,1591.6,0.05573680329196191,0.05060736390394145,0.028957887309601298,25313.0,0.999
6289768577,,,2.47,41.74,707.1,12,11179114,1591.6,0.03217732216906753,0.03878306276757167,0.01838828181392645,25311.0,0.999
6334220429,,,2.342583,41.792542,15.0,17,11447495497,49.7,0.10383749923979242,0.08532916676873963,0.056479167037953935,24.0,0.972
6469782573,,,2.431348,41.796751,207.0,13,44716846,795.8,0.03259021161508755,0.03907421857111549,0.01675988320479367,6334.0,1.0
5187655669,,,2.486242,41.82148,1.0,18,45790102005,24.9,0.14560000066246306,0.107014285666602,0.07101428561976977,7.0,1.0
5188436579,,,2.390855,41.805148,4.0,18,45789970048,24.9,0.08387142845562526,0.07269999917064394,0.04587142914533615,7.0,1.0
5198031675,,,2.440923,41.786651,6.0,18,45790042670,24.9,0.10495000084241231,0.09441666677594185,0.06259999983012676,6.0,0.968
5198298224,,,2.4311,41.717447,60.0,15,715465844,198.9,0.06902708869097353,0.06276025309026996,0.03798860769742463,395.0,0.998
5198311191,,,2.431353,41.716636,8.0,18,45789812655,24.9,0.16130000352859497,0.11770000184575717,0.08891666556398074,6.0,0.968
5198313214,,,2.428315,41.718162,156.0,14,178866460,397.9,0.14885409022802482,0.11724039304885746,0.08571369688634299,1577.0,0.996
5198319214,,,2.43124,41.716673,16.0,17,11447453505,49.7,0.11139200039207936,0.08985599912703038,0.06527199994772673,25.0,1.0
5198325223,,,2.426306,41.717098,10.0,18,45789813947,24.9,0.15045000116030374,0.1139000008503596,0.08533333366115887,6.0,0.968
5198334210,,,2.427448,41.717893,3.0,18,45789813997,24.9,0.16565714137894766,0.12455714281116213,0.08772857167891093,7.0,1.0
5198343188,,,2.428004,41.715653,7.0,18,45789813821,24.9,0.1490999994178613,0.10910000031193097,0.07453333338101704,6.0,0.968
5198352188,,,2.429496,41.717387,10.0,18,45789813887,24.9,0.04020000031838814,0.038166667334735394,0.019499999781449635,6.0,0.968
5198373265,,,2.426135,41.716612,7.0,18,45789813944,24.9,0.15331666792432466,0.12166666612029076,0.08853333567579587,6.0,0.968
5198417221,,,2.428315,41.715043,2.0,18,45789813812,24.9,0.20234999991953373,0.157837500795722,0.12544999830424786,8.0,1.0
5198447456,,,2.344878,41.796053,264.0,13,44716782,795.8,0.040865598937525345,0.048339892748633956,0.02329021621738135,6337.0,1.0
5198454157,,,2.430729,41.717433,44.0,16,2861863376,99.5,0.09283030309686155,0.08016969664304545,0.05599999999288808,99.0,1.0
5198470212,,,2.427863,41.717222,10.0,18,45789813966,24.9,0.1965428569487163,0.1392142857824053,0.09854285844734736,7.0,1.0
5198495237,,,2.432153,41.716889,7.0,18,45789812668,24.9,0.0328666673352321,0.03983333272238573,0.020733333658427,6.0,0.968
5198496245,,,2.428912,41.717779,9.0,18,45789813975,24.9,0.04658571417842593,0.04181428572961262,0.021657142655125687,7.0,1.0
5198568436,,,2.345239,41.797795,288.0,13,44716782,795.8,0.040865598937525345,0.048339892748633956,0.02329021621738135,6337.0,1.0
5198593178,,,2.426415,41.716653,12.0,18,45789813945,24.9,0.17417142965963908,0.1443857146160943,0.10542857221194676,7.0,1.0
5198611428,,,2.34531,41.796502,264.0,13,44716782,795.8,0.040865598937525345,0.048339892748633956,0.02329021621738135,6337.0,1.0
5198691177,,,2.428272,41.717207,7.0,18,45789813965,24.9,0.1921200007200241,0.13700000047683716,0.0980200007557869,5.0,0.806
5198715173,,,2.43209,41.716886,13.0,17,11447453167,49.7,0.054183333491285644,0.05228749988600612,0.030779166845604777,24.0,0.972
5198719215,,,2.430758,41.717749,9.0,18,45789814064,24.9,0.06908571347594261,0.0596999999667917,0.03657142871192524,7.0,1.0
5198725231,,,2.426072,41.71658,9.0,18,45789813933,24.9,0.15995000302791595,0.1251333343485991,0.09109999984502792,6.0,0.968
5198737177,,,2.427686,41.717094,6.0,18,45789813963,24.9,0.19675000260273615,0.13711666812499365,0.09726666659116745,6.0,0.968
5198755237,,,2.426687,41.716886,6.0,18,45789813942,24.9,0.13486000001430512,0.11481999903917313,0.08586000055074691,5.0,0.806
5198791206,,,2.42918,41.717646,9.0,18,45789813973,24.9,0.04956666690607866,0.04468333348631859,0.022266666404902935,6.0,0.968
5198841184,,,2.427332,41.717,12.0,18,45789813984,24.9,0.1719500000278155,0.1251166636745135,0.08671666805942853,6.0,0.968
5198904159,,,2.42667,41.717041,8.0,18,45789813948,24.9,0.18085714323180063,0.1545428569827761,0.12057142811162132,7.0,1.0
5199048226,,,2.428949,41.717524,17.0,17,11447453493,49.7,0.07267916699250539,0.06078750050316254,0.03638333334432294,24.0,0.972
5199107218,,,2.426104,41.716593,92.0,15,715465842,198.9,0.14525714321822233,0.11492372434396221,0.08468112244023657,392.0,0.991
5199118175,,,2.427332,41.717786,7.0,18,45789813996,24.9,0.17395000159740448,0.12964999924103418,0.0972166657447815,6.0,0.968
5199173471,,,2.345579,41.796647,321.0,13,44716782,795.8,0.040865598937525345,0.048339892748633956,0.02329021621738135,6337.0,1.0
5199210446,,,2.344907,41.797856,364.0,13,44716782,795.8,0.040865598937525345,0.048339892748633956,0.02329021621738135,6337.0,1.0
5199245459,,,2.344724,41.795256,556.0,12,11179195,1591.6,0.046085986296917916,0.04907344978140348,0.026021435388332893,25318.0,0.999
5199247476,,,2.340523,41.796403,669.0,12,11179194,1591.6,0.04357933163524932,0.04704878335379219,0.025132357641726052,25314.0,0.999
5199262407,,,2.429262,41.720257,6.0,18,45789814206,24.9,0.13103333239754042,0.12110000103712082,0.09958333273728688,6.0,0.968
5205899617,,,2.42734,41.716328,8.0,18,45789813916,24.9,0.14982500299811363,0.11425000056624413,0.07617500051856041,4.0,0.645
5206019261,,,2.466852,41.795328,4.0,18,45790053400,24.9,0.03326666665573915,0.051800000170866646,0.017733333632349968,6.0,0.968
5206712817,,,2.437101,41.807085,27723.0,6,2729,101859.4,0.03827245592170997,0.0446433830562681,,2250000.0,0.022
5231060826,,,2.373082,41.81465,4.0,18,45789999152,24.9,0.13104285725525447,0.09757142726864133,0.06795714369841985,7.0,1.0
5830848334,,,2.428987,41.717676,9.0,18,45789813975,24.9,0.04658571417842593,0.04181428572961262,0.021657142655125687,7.0,1.0
5938320420,,,2.417428,41.800959,518.0,12,11179232,1591.6,0.03373585589691163,0.04143460058965543,0.018613642864369402,25332.0,1.0
6289525889,,,2.34,41.78,707.1,12,11179194,1591.6,0.04357933163524932,0.04704878335379219,0.025132357641726052,25314.0,0.999
6289530589,,,2.46,41.77,707.1,12,11179203,1591.6,0.029859709204873824,0.03992093978097503,0.016457682005776915,25306.0,0.999
6289689459,,,2.33,41.78,707.1,12,11179183,1591.6,0.05573680329196191,0.05060736390394145,0.028957887309601298,25313.0,0.999
6289742694,,,2.47,41.78,7071.06,8,43668,25464.8,0.038343180155692734,0.044647879304603934,,2038124.0,0.314
6518617640,,,2.428953,41.717513,24.0,17,11447453493,49.7,0.07267916699250539,0.06078750050316254,0.03638333334432294,24.0,0.972
5281969529,,,2.414319,41.804204,269.0,13,44716931,795.8,0.03980448310959558,0.04587258100958031,0.021282999253786645,6335.0,1.0
5837664027,,,2.417538,41.80424,9.0,18,45790137541,24.9,0.03574000000953674,0.039879999309778216,0.019800000265240668,5.0,0.806
6170918045,,,2.436577,41.775382,97.0,15,715469349,198.9,0.08691435767999224,0.07922443343087167,0.04680000009808117,397.0,1.0
6170972905,,,2.435087,41.777012,97.0,15,715469351,198.9,0.08031811232545547,0.08143954065495304,0.04736556132248013,392.0,0.991
6171070824,,,2.465951,41.775658,195.0,14,178867254,397.9,0.03519023933168735,0.040365617247814456,0.019521284662538985,1588.0,1.0
6289486334,,,2.41,41.83,707.1,12,11179241,1591.6,0.028462128996349065,0.03923616349189389,0.016544693624705877,12532.0,0.495
6441560763,,,2.478683,41.722748,4.0,18,45789644914,24.9,0.15155714537416184,0.10848571360111237,0.08358571359089442,7.0,1.0
6469872188,,,2.482223,41.722348,9.0,18,45789643676,24.9,0.02614999997119109,0.04614999952415625,0.01705000006283323,6.0,0.968
5282006913,,,2.333419,41.760682,4.0,18,45789927607,24.9,0.08322000056505204,0.061500000208616255,0.03775999918580055,5.0,0.806
5282264689,,,2.345345,41.752394,4.0,18,45789903666,24.9,0.07946666578451793,0.06291666689018409,0.042850000162919365,6.0,0.968
5282281713,,,2.337574,41.758748,4.0,18,45789926132,24.9,0.07204000055789947,0.049620000272989274,0.03154000006616116,5.0,0.806
5282561797,,,2.335599,41.760609,4.0,18,45789927547,24.9,0.07845000053445499,0.05483333207666874,0.027249999965230625,6.0,0.968
5292868230,,,2.339111,41.816954,25.0,16,2861961675,99.5,0.05394848481272206,0.05405555548842507,0.03533939403867481,99.0,1.0
5293053085,,,2.470287,41.813849,27723.0,6,2729,101859.4,0.03827245592170997,0.0446433830562681,,2250000.0,0.022
5759548494,,,2.332412,41.760563,4.0,18,45789927941,24.9,0.07437999993562698,0.05723999887704849,0.037620000168681146,5.0,0.806
5759566775,,,2.355557,41.813659,15.0,17,11447499421,49.7,0.059737500424186386,0.05622916684175531,0.03291250008624047,24.0,0.972
5759662652,,,2.362056,41.813345,5.0,18,45789998083,24.9,0.14858571546418325,0.12459999961512429,0.09165714361837932,7.0,1.0
5759777035,,,2.366137,41.811568,10.0,18,45789996608,24.9,0.11203333238760631,0.07741666709383328,0.055416666281720005,6.0,0.968
5759910231,,,2.356093,41.814758,5.0,18,45789997869,24.9,0.0812249998562038,0.07711250055581331,0.053562500048428774,8.0,1.0
5760230241,,,2.339756,41.818214,15.0,17,11447846718,49.7,0.05948800005018711,0.05619600027799607,0.037388000078499316,25.0,1.0
5760469658,,,2.338925,41.816541,25.0,16,2861961675,99.5,0.05394848481272206,0.05405555548842507,0.03533939403867481,99.0,1.0
5760919777,,,2.337303,41.814316,30.0,16,2861961628,99.5,0.02826082456818561,0.038920618670502886,0.0189731960069657,97.0,0.98
5830698777,,,2.385122,41.81061,411.0,12,11179197,1591.6,0.06081216330426263,0.06017737624306384,0.030436813684178176,25314.0,0.999
5920195809,,,2.355053,41.816839,5.0,18,45789998009,24.9,0.07211666616300742,0.0652166660875082,0.038983333855867386,6.0,0.968
6130278573,,,2.354052,41.820935,5.0,18,45791396337,24.9,0.10253333362440269,0.09168333311875661,0.06391666581233342,6.0,0.968
6131423255,,,2.382694,41.808769,187.0,14,178867155,397.9,0.07511258648932355,0.07110931412149818,0.0385762744724148,1589.0,1.0
5827890863,,,2.411206,41.792922,3.0,18,45789960178,24.9,0.022179999947547914,0.028099999576807023,0.0125,5.0,0.806
5837714459,,,2.436159,41.702093,447.0,12,11179067,1591.6,0.07784220657835485,0.0699793210627385,0.04459207509547062,8366.0,0.33
5837731472,,,2.402927,41.711637,5.0,18,45789817127,24.9,0.07150000014475413,0.0722999998501369,0.03939999985907759,7.0,1.0
5837933607,,,2.436159,41.702093,400.0,12,11179067,1591.6,0.07784220657835485,0.0699793210627385,0.04459207509547062,8366.0,0.33
5837947377,,,2.425228,41.707462,9.0,18,45789811395,24.9,0.06184285666261401,0.053657143243721554,0.03340000020606177,7.0,1.0
5838020970,,,2.43087,41.705012,6.0,18,45789810970,24.9,0.11051428530897413,0.0869428568652698,0.060457144996949604,7.0,1.0
5838132143,,,2.482747,41.753855,4.0,18,45789658306,24.9,0.03339999976257483,0.03716666717082262,0.018933333301295836,6.0,0.968
5838137389,,,2.424002,41.70365,6.0,18,45789808474,24.9,0.026314285982932364,0.035271428525447845,0.013657142940376486,7.0,1.0
5838139990,,,2.403025,41.711647,7.0,18,45789817138,24.9,0.042450000221530594,0.0607166662812233,0.025249999947845936,6.0,0.968
5838308095,,,2.382676,41.808787,187.0,14,178867155,397.9,0.07511258648932355,0.07110931412149818,0.0385762744724148,1589.0,1.0
5839927067,,,2.402096,41.706637,566.0,12,11179154,1591.6,0.03583461004502642,0.046213114171426914,0.02113835577186233,24935.0,0.984
5839968612,,,2.402395,41.70656,314.0,13,44716616,795.8,0.0432091964222115,0.05156052461042424,0.025066711561306222,5948.0,0.939
5867781158,,,2.404136,41.823813,33.0,16,2861885521,99.5,0.03623137268803868,0.04354313751865251,0.016545098092333944,102.0,1.0
5890244356,,,2.40999,41.791562,3.0,18,45789960115,24.9,0.02595999985933304,0.029360000044107437,0.014660000056028365,5.0,0.806
5892882065,,,2.415866,41.793412,3.0,18,45790134855,24.9,0.02914285713008472,0.04062857159546444,0.017714285956961767,7.0,1.0
5909039926,,,2.403004,41.711771,9.0,18,45789817138,24.9,0.042450000221530594,0.0607166662812233,0.025249999947845936,6.0,0.968
5938230302,,,2.43901,41.787946,5.0,18,45790048256,24.9,0.08413333383699258,0.08350000033775966,0.04468333379675945,6.0,0.968
6147293961,,,2.377009,41.806717,67.0,15,715468597,198.9,0.09484522625916268,0.08361130656122263,0.05977185930233055,398.0,1.0
6179347556,,,2.424146,41.7104,3.0,18,45789812852,24.9,0.06524000093340873,0.06054000109434128,0.035500000417232516,5.0,0.806
6289680259,,,2.33,41.78,707.1,12,11179183,1591.6,0.05573680329196191,0.05060736390394145,0.028957887309601298,25313.0,0.999
6422196013,,,2.416677,41.795314,4.0,18,45790135076,24.9,0.0611571440739291,0.06298571399280004,0.032671428684677394,7.0,1.0
6479883574,,,2.410465,41.78597,6.0,18,45789959400,24.9,0.04210000097130736,0.04596666619181633,0.023983333453846473,6.0,0.968
6498541581,,,2.402857,41.711768,6.0,18,45789817133,24.9,0.04760000047584375,0.06368333411713441,0.028300000354647636,6.0,0.968
5839832363,,,2.463226,41.723217,7.0,18,45789476363,24.9,0.040766666953762375,0.04880000092089176,0.02061666687950492,6.0,0.968
5839990470,,,2.463178,41.723605,6.0,18,45789476385,24.9,0.04018000066280365,0.04302000105381012,0.01803999990224838,5.0,0.806
5839990550,,,2.439192,41.72858,7.0,18,45789826154,24.9,0.12217142965112414,0.10154285867299352,0.07957142884177822,7.0,1.0
5840020720,,,2.463142,41.723566,12.0,18,45789476385,24.9,0.04018000066280365,0.04302000105381012,0.01803999990224838,5.0,0.806
5840044716,,,2.463407,41.723449,9.0,18,45789476366,24.9,0.10103333244721095,0.08776666720708211,0.060666666676600776,6.0,0.968
5840179505,,,2.463489,41.72351,4.0,18,45789476366,24.9,0.10103333244721095,0.08776666720708211,0.060666666676600776,6.0,0.968
5840457095,,,2.46343,41.723104,9.0,18,45789476361,24.9,0.10866666461030643,0.11314999933044116,0.07313333451747894,6.0,0.968
5840749863,,,2.425859,41.731327,4.0,18,45789831779,24.9,0.03214285682354655,0.03838571400514671,0.019428571153964316,7.0,1.0
5840869781,,,2.426323,41.722768,4.0,18,45789814712,24.9,0.04118333291262388,0.047266667087872825,0.022983333561569452,6.0,0.968
5844275366,,,2.330702,41.811843,3.0,18,45791386244,24.9,0.04926666679481665,0.05403333343565464,0.027683334114650886,6.0,0.968
5867773640,,,2.347233,41.80073,8.0,18,45789985201,24.9,0.08928571481789861,0.07748571517212051,0.05244285746344498,7.0,1.0
5867929106,,,2.383259,41.774609,13.0,17,11447487825,49.7,0.023479166634691257,0.038049999779711165,0.013054166580938423,24.0,0.972
5867992509,,,2.469343,41.827783,31.0,16,2861879135,99.5,0.0579896906640419,0.05837938164543245,0.034095876350922066,97.0,0.98
5868039458,,,2.429665,41.715556,14.0,17,11447453457,49.7,0.20865833448867002,0.1666749988993009,0.12348333311577638,24.0,0.972
5868058579,,,2.330819,41.812243,4.0,18,45791386247,24.9,0.08424285586391177,0.07677142907466207,0.04912857125912394,7.0,1.0
5868177914,,,2.428007,41.714654,12.0,18,45789813808,24.9,0.16796666632095972,0.13143333295981088,0.09955000008145969,6.0,0.968
5868258449,,,2.347289,41.800748,6.0,18,45789985204,24.9,0.1291833333671093,0.11035000036160152,0.08261666757365067,6.0,0.968
5868326904,,,2.429667,41.715555,14.0,17,11447453457,49.7,0.20865833448867002,0.1666749988993009,0.12348333311577638,24.0,0.972
5868333819,,,2.347341,41.800664,8.0,18,45789985182,24.9,0.11006666844089825,0.10279999983807404,0.07328333364178737,6.0,0.968
5868372890,,,2.440017,41.728605,13.0,17,11447456537,49.7,0.053226923068555504,0.046069230526112594,0.0253730768767687,26.0,1.0
5868399499,,,2.469372,41.827734,15.0,17,11447516541,49.7,0.06366666646984716,0.06968333331557612,0.039412500142740704,24.0,0.972
5868403934,,,2.469352,41.827772,8.0,18,45790066166,24.9,0.04970000045640128,0.05679999903908798,0.029014285520783493,7.0,1.0
6130476743,,,2.35788,41.799349,22.0,17,11447496032,49.7,0.03930400036275387,0.04514399960637092,0.02489600008353591,25.0,1.0
6130777910,,,2.352717,41.821392,4.0,18,45791396678,24.9,0.11282857241375106,0.10219999934945788,0.07015714342040676,7.0,1.0
6130795494,,,2.357722,41.799413,8.0,18,45789984137,24.9,0.04233333359782895,0.04851666775842508,0.027333333312223356,6.0,0.968
5892781809,,,2.438813,41.728612,5.0,18,45789826197,24.9,0.14178333431482315,0.10524999971191089,0.07465000015993913,6.0,0.968
5892838491,,,2.430086,41.715533,5.0,18,45789813840,24.9,0.16268571466207504,0.13964285807950155,0.10105714308364051,7.0,1.0
5897082269,,,2.386219,41.718798,5.0,18,45789797777,24.9,0.06684285721608571,0.063571428081819,0.03635714282946927,7.0,1.0
5897150449,,,2.470699,41.768386,181.0,14,178867230,397.9,0.044548427698102855,0.04791490573248586,0.02659893085233393,1590.0,1.0
5897328128,,,2.386501,41.719063,5.0,18,45789797780,24.9,0.026771428595696176,0.04374285734125546,0.01835714280605316,7.0,1.0
5897355213,,,2.386502,41.719033,5.0,18,45789797780,24.9,0.026771428595696176,0.04374285734125546,0.01835714280605316,7.0,1.0
5897398454,,,2.386337,41.718868,5.0,18,45789797777,24.9,0.06684285721608571,0.063571428081819,0.03635714282946927,7.0,1.0
5897636418,,,2.470699,41.768386,181.0,14,178867230,397.9,0.044548427698102855,0.04791490573248586,0.02659893085233393,1590.0,1.0
5897800266,,,2.379365,41.770756,10.0,18,45789950998,24.9,0.02182000018656254,0.039079999551177025,0.014419999904930592,5.0,0.806
5897813951,,,2.38622,41.718773,5.0,18,45789797777,24.9,0.06684285721608571,0.063571428081819,0.03635714282946927,7.0,1.0
5903813896,,,2.425889,41.759791,6.0,18,45789860780,24.9,0.04605000093579292,0.05198333412408829,0.029650000234444935,6.0,0.968
5904021340,,,2.426937,41.760683,7.0,18,45789860791,24.9,0.07023333385586739,0.05991666577756405,0.03920000077535709,6.0,0.968
5920301463,,,2.341869,41.827747,31.0,16,2861962756,99.5,0.024088000068441032,0.03621600015088916,0.015411000032909215,100.0,1.0
6129903772,,,2.429125,41.711838,9.0,18,45789812354,24.9,0.1630428582429886,0.14219999951975687,0.10784285621983665,7.0,1.0
6130386016,,,2.43168,41.715733,9.0,18,45789812641,24.9,0.0449285725397723,0.058714286025081365,0.026428571103938987,7.0,1.0
6130443147,,,2.430096,41.715535,6.0,18,45789813840,24.9,0.16268571466207504,0.13964285807950155,0.10105714308364051,7.0,1.0
6131584326,,,2.434019,41.705032,6.0,18,45789461465,24.9,0.07375999987125396,0.06934000030159951,0.04148000106215477,5.0,0.806
6178427975,,,2.433624,41.706973,7.0,18,45789811713,24.9,0.14178333431482315,0.12109999855359395,0.09656666467587154,6.0,0.968
6179218515,,,2.451039,41.780463,20.0,17,11447510112,49.7,0.026637500151991844,0.03977083352704843,0.014354166729996601,24.0,0.972
6500370673,,,2.38623,41.718814,45.0,16,2861862361,99.5,0.03774329891293934,0.05025360823522523,0.02377216490081598,97.0,0.98
5918594749,,,2.414451,41.720642,3.0,18,45789819610,24.9,0.05820000012006078,0.05064285706196513,0.028542857617139816,7.0,1.0
5918645833,,,2.414383,41.720657,3.0,18,45789819610,24.9,0.05820000012006078,0.05064285706196513,0.028542857617139816,7.0,1.0
5932224274,,,2.386592,41.720515,5.0,18,45789797860,24.9,0.020687500247731805,0.03416250040754676,0.014562500058673322,8.0,1.0
5932236005,,,2.47078,41.780083,8.0,18,45790028010,24.9,0.03376666673769554,0.03968333328763644,0.017399999778717756,6.0,0.968
5932365849,,,2.381294,41.720655,5.0,18,45789798095,24.9,0.038200000301003456,0.044757142663002014,0.02155714322413717,7.0,1.0
5932609636,,,2.471275,41.786617,6.0,18,45790028781,24.9,0.05966666775445143,0.05991666639844576,0.02781666660060485,6.0,0.968
5932667967,,,2.386989,41.720672,5.0,18,45789797850,24.9,0.023616666284700234,0.03610000014305115,0.015183333152284225,6.0,0.968
5935411639,,,2.382153,41.719642,5.0,18,45789797997,24.9,0.03983333334326744,0.04360000044107437,0.02121666648114721,6.0,0.968
5935446832,,,2.43328,41.712877,3.0,18,45789812309,24.9,0.02210000002135833,0.037616667027274765,0.015899999998509884,6.0,0.968
5936109410,,,2.381786,41.72008,5.0,18,45789798085,24.9,0.03326000012457371,0.03929999992251396,0.019460000097751617,5.0,0.806
6150882534,,,2.40264,41.710644,3.0,18,45789817098,24.9,0.06717142994914736,0.06549999969346183,0.037414285221270153,7.0,1.0
